task,model,params,band_low,band_high,band_acc,band_epoch,band_entered,epochs_used,wall_s,soft_acc,hard_acc,delta_hard,roundtrip_diff,circuit_suff_auc,circuit_comp_auc,circuit_sparsity,circuit_stability,circuit_wall_s,lime_suff_auc,lime_comp_auc,lime_sparsity,lime_stability,lime_wall_s,shap_suff_auc,shap_comp_auc,shap_sparsity,shap_stability,shap_wall_s
mux_11bit,circuit,673,0.7,0.95,0.703125,1,True,2,12.332823991775513,0.703125,0.6875,-0.015625,0.0,0.589305,0.098472,0.886039,0.680772,37.0,0.56188,0.107084,0.932967,0.834815,30.68,0.577157,0.100296,0.878758,0.665776,44.46
parity_k8,circuit,577,0.7,0.95,0.724609375,4,True,5,12.48440957069397,0.724609,0.728516,0.003906,0.0,0.527643,0.069063,0.895757,0.050223,30.84,0.537841,0.074961,0.888325,0.039337,26.55,0.52763,0.07296,0.902618,0.232546,40.65
random_dnf_8input_4term,circuit,577,0.7,0.95,0.71484375,0,True,1,11.9285569190979,0.714844,0.708984,-0.005859,0.0,0.557624,0.050168,0.860526,0.34272,30.16,0.555655,0.066121,0.874625,0.368799,26.98,0.576688,0.067592,0.828209,0.398923,40.87
