{
  "checkpoint": "results/20260715_convunext_denoiser/best_model.keras",
  "sigma_255": 25.0,
  "seed": 42,
  "roundoff_floor_note": "float32 rounding through a deep net lands ~2.5e-5 (ddnm.py:104); a non-homogeneous (e.g. LayerNorm) checkpoint lands ~0.9",
  "roundoff_floor": 2.5e-05,
  "falsification_tol": 0.01,
  "paper_alphas": {
    "0.25": 0.0,
    "0.5": 0.0,
    "2.0": 0.0,
    "4.0": 0.0,
    "8.0": 0.0
  },
  "nonpow2_alphas": {
    "0.3": 4.4355142737856744e-06,
    "1.3": 4.4377754937561015e-06,
    "3.7": 4.424432634902225e-06,
    "6.1": 4.402011708153307e-06
  },
  "max_error": 4.4377754937561015e-06
}