{
  "block": {
    "h": 12,
    "w": 12,
    "channels": 3,
    "top_left": [
      122,
      122
    ],
    "eps": 0.001
  },
  "sigma_255": 25.0,
  "seed": 42,
  "finite_difference": "central",
  "checkpoint": "results/20260715_convunext_denoiser/best_model.keras",
  "denoiser": {
    "asymmetry_ratio": 0.781349135790411,
    "frob_norm": 2.5541145092016575,
    "spectral_norm": 0.951655401581881,
    "stable_rank": 7.203130688647368,
    "n_dims": 432,
    "top_10_singular_values": [
      0.951655401581881,
      0.8746000008439095,
      0.8584475302776636,
      0.6879364648435484,
      0.6743398233796182,
      0.5902212630621396,
      0.5289778718630845,
      0.4931710046320016,
      0.4708782920321337,
      0.41453484019267256
    ],
    "name": "denoiser_local_jacobian"
  },
  "baseline_box_blur": {
    "asymmetry_ratio": 0.00038959698857471783,
    "frob_norm": 3.7412360006082954,
    "spectral_norm": 0.8971102264141361,
    "stable_rank": 17.391562219448566,
    "n_dims": 432,
    "top_10_singular_values": [
      0.8971102264141361,
      0.8970993926233115,
      0.8970533861573429,
      0.7566168498350204,
      0.7565699345797978,
      0.7565612076163799,
      0.7565544231282303,
      0.7565333231640661,
      0.7565249013649474,
      0.6380584538080748
    ],
    "name": "box_blur_baseline",
    "kernel_size": 5
  },
  "ratio": 2005.5317641156819
}