{
  "block": {
    "h": 12,
    "w": 12,
    "channels": 3,
    "top_left": [
      122,
      122
    ],
    "eps": 0.001
  },
  "sigma_255": 25.0,
  "seed": 42,
  "finite_difference": "central",
  "checkpoint": "results/20260717_convunext_denoiser/final_model.keras",
  "denoiser": {
    "asymmetry_ratio": 0.9808030609908518,
    "frob_norm": 2.7870027796573025,
    "spectral_norm": 0.8900142506313784,
    "stable_rank": 9.805751493396434,
    "n_dims": 432,
    "top_10_singular_values": [
      0.8900142506313784,
      0.7965708381299431,
      0.7739199280915606,
      0.6928923934326678,
      0.63167523815335,
      0.5382715030817953,
      0.49545239302257404,
      0.46522195017062523,
      0.4314268288296603,
      0.42321954223412295
    ],
    "name": "denoiser_local_jacobian"
  },
  "baseline_box_blur": {
    "asymmetry_ratio": 0.00038959698857471783,
    "frob_norm": 3.7412360006082954,
    "spectral_norm": 0.8971102264141361,
    "stable_rank": 17.391562219448566,
    "n_dims": 432,
    "top_10_singular_values": [
      0.8971102264141361,
      0.8970993926233115,
      0.8970533861573429,
      0.7566168498350204,
      0.7565699345797978,
      0.7565612076163799,
      0.7565544231282303,
      0.7565333231640661,
      0.7565249013649474,
      0.6380584538080748
    ],
    "name": "box_blur_baseline",
    "kernel_size": 5
  },
  "ratio": 2517.4811144690125
}