{
  "block": {
    "h": 12,
    "w": 12,
    "channels": 3,
    "top_left": [
      122,
      122
    ],
    "eps": 0.001
  },
  "sigma_255": 25.0,
  "seed": 42,
  "finite_difference": "central",
  "checkpoint": "results/20260720_convunext_denoiser_hfb3/final_model.keras",
  "denoiser": {
    "asymmetry_ratio": 0.9344092113989019,
    "frob_norm": 2.3913968185749925,
    "spectral_norm": 0.8260649908165757,
    "stable_rank": 8.380595136468207,
    "n_dims": 432,
    "top_10_singular_values": [
      0.8260649908165757,
      0.7111591530513011,
      0.6792016149797444,
      0.66782407160718,
      0.5629372947375006,
      0.4858504501005184,
      0.4490482205664944,
      0.4019840225021111,
      0.3723230361273626,
      0.33534109774442344
    ],
    "name": "denoiser_local_jacobian"
  },
  "baseline_box_blur": {
    "asymmetry_ratio": 0.00038959698857471783,
    "frob_norm": 3.7412360006082954,
    "spectral_norm": 0.8971102264141361,
    "stable_rank": 17.391562219448566,
    "n_dims": 432,
    "top_10_singular_values": [
      0.8971102264141361,
      0.8970993926233115,
      0.8970533861573429,
      0.7566168498350204,
      0.7565699345797978,
      0.7565612076163799,
      0.7565544231282303,
      0.7565333231640661,
      0.7565249013649474,
      0.6380584538080748
    ],
    "name": "box_blur_baseline",
    "kernel_size": 5
  },
  "ratio": 2398.399471251813
}