{
  "checkpoint": "results/20260717_convunext_denoiser/final_model.keras",
  "provenance": "TRANSCRIBED (not re-run) from results/eval_convunext_20260715_vs_20260717_psnr_highsigma/psnr_vs_noise.csv, column model=m0717_ep100, dataset=div2k. Verified same protocol: that CSV's m0715_ep100 div2k rows are BIT-IDENTICAL to the previous contents of this file (0715), so the sigma grid, seed, patch protocol and noise realizations match exactly.",
  "protocol": {
    "models": {
      "m0715_ep100": "/media/arxwn/data_fast/repositories/dl_techniques/results/20260715_convunext_denoiser/best_model.keras",
      "m0717_ep90": "/media/arxwn/data_fast/repositories/dl_techniques/results/20260717_convunext_denoiser/best_model.keras",
      "m0717_ep100": "/media/arxwn/data_fast/repositories/dl_techniques/results/20260717_convunext_denoiser/final_model.keras"
    },
    "datasets": {
      "div2k": [
        "/media/arxwn/data0_4tb/datasets/div2k/validation"
      ]
    },
    "sigmas_255": [
      5.0,
      10.0,
      15.0,
      25.0,
      35.0,
      50.0,
      65.0,
      80.0,
      100.0,
      127.0,
      150.0,
      175.0,
      200.0
    ],
    "num_samples": 100,
    "patch_size": 256,
    "channels": 3,
    "full_image": false,
    "size_multiple": 16,
    "clip_noise": true,
    "confidence": 0.95,
    "seed": 42
  },
  "results": [
    {
      "model": "convunext_20260717_ep100",
      "dataset": "div2k",
      "sigma_255": 5.0,
      "sigma_norm": 0.0196078431372549,
      "n": 100,
      "psnr_mean": 40.87751991271973,
      "psnr_ci_low": 40.36814303005808,
      "psnr_ci_high": 41.386896795381375,
      "psnr_std": 2.567142963409424,
      "input_psnr_mean": 34.27667446136475,
      "gain_db": 6.600845451354978
    },
    {
      "model": "convunext_20260717_ep100",
      "dataset": "div2k",
      "sigma_255": 10.0,
      "sigma_norm": 0.0392156862745098,
      "n": 100,
      "psnr_mean": 37.44331672668457,
      "psnr_ci_low": 36.81538195198904,
      "psnr_ci_high": 38.071251501380104,
      "psnr_std": 3.1646475791931152,
      "input_psnr_mean": 28.356567287445067,
      "gain_db": 9.086749439239505
    },
    {
      "model": "convunext_20260717_ep100",
      "dataset": "div2k",
      "sigma_255": 15.0,
      "sigma_norm": 0.058823529411764705,
      "n": 100,
      "psnr_mean": 35.54180103302002,
      "psnr_ci_low": 34.84954024825723,
      "psnr_ci_high": 36.234061817782816,
      "psnr_std": 3.4888360500335693,
      "input_psnr_mean": 24.94070831298828,
      "gain_db": 10.60109272003174
    },
    {
      "model": "convunext_20260717_ep100",
      "dataset": "div2k",
      "sigma_255": 25.0,
      "sigma_norm": 0.09803921568627451,
      "n": 100,
      "psnr_mean": 33.23887689590454,
      "psnr_ci_low": 32.46869082127934,
      "psnr_ci_high": 34.00906297052974,
      "psnr_std": 3.8815619945526123,
      "input_psnr_mean": 20.720288944244384,
      "gain_db": 12.518587951660155
    },
    {
      "model": "convunext_20260717_ep100",
      "dataset": "div2k",
      "sigma_255": 35.0,
      "sigma_norm": 0.13725490196078433,
      "n": 100,
      "psnr_mean": 31.721630573272705,
      "psnr_ci_low": 30.916676868661707,
      "psnr_ci_high": 32.52658427788371,
      "psnr_std": 4.0567827224731445,
      "input_psnr_mean": 18.0250541305542,
      "gain_db": 13.696576442718506
    },
    {
      "model": "convunext_20260717_ep100",
      "dataset": "div2k",
      "sigma_255": 50.0,
      "sigma_norm": 0.19607843137254902,
      "n": 100,
      "psnr_mean": 30.144771518707277,
      "psnr_ci_low": 29.304759007769924,
      "psnr_ci_high": 30.98478402964463,
      "psnr_std": 4.233470916748047,
      "input_psnr_mean": 15.264447021484376,
      "gain_db": 14.880324497222901
    },
    {
      "model": "convunext_20260717_ep100",
      "dataset": "div2k",
      "sigma_255": 65.0,
      "sigma_norm": 0.2549019607843137,
      "n": 100,
      "psnr_mean": 28.88515098571777,
      "psnr_ci_low": 28.062680777667065,
      "psnr_ci_high": 29.707621193768478,
      "psnr_std": 4.14506196975708,
      "input_psnr_mean": 13.331914329528809,
      "gain_db": 15.553236656188963
    },
    {
      "model": "convunext_20260717_ep100",
      "dataset": "div2k",
      "sigma_255": 80.0,
      "sigma_norm": 0.3137254901960784,
      "n": 100,
      "psnr_mean": 27.79104190826416,
      "psnr_ci_low": 27.005321890988196,
      "psnr_ci_high": 28.576761925540122,
      "psnr_std": 3.9598491191864014,
      "input_psnr_mean": 11.899165019989013,
      "gain_db": 15.891876888275146
    },
    {
      "model": "convunext_20260717_ep100",
      "dataset": "div2k",
      "sigma_255": 100.0,
      "sigma_norm": 0.39215686274509803,
      "n": 100,
      "psnr_mean": 26.368357200622558,
      "psnr_ci_low": 25.658718458010167,
      "psnr_ci_high": 27.07799594323495,
      "psnr_std": 3.5764169692993164,
      "input_psnr_mean": 10.49717692375183,
      "gain_db": 15.871180276870728
    },
    {
      "model": "convunext_20260717_ep100",
      "dataset": "div2k",
      "sigma_255": 127.0,
      "sigma_norm": 0.4980392156862745,
      "n": 100,
      "psnr_mean": 24.392038707733153,
      "psnr_ci_low": 23.808319091076676,
      "psnr_ci_high": 24.97575832438963,
      "psnr_std": 2.9418134689331055,
      "input_psnr_mean": 9.211995010375977,
      "gain_db": 15.180043697357176
    },
    {
      "model": "convunext_20260717_ep100",
      "dataset": "div2k",
      "sigma_255": 150.0,
      "sigma_norm": 0.5882352941176471,
      "n": 100,
      "psnr_mean": 22.81683561325073,
      "psnr_ci_low": 22.3153599685886,
      "psnr_ci_high": 23.318311257912864,
      "psnr_std": 2.527322769165039,
      "input_psnr_mean": 8.461643619537353,
      "gain_db": 14.355191993713378
    },
    {
      "model": "convunext_20260717_ep100",
      "dataset": "div2k",
      "sigma_255": 175.0,
      "sigma_norm": 0.6862745098039216,
      "n": 100,
      "psnr_mean": 21.269212074279785,
      "psnr_ci_low": 20.832137289771513,
      "psnr_ci_high": 21.706286858788058,
      "psnr_std": 2.2027571201324463,
      "input_psnr_mean": 7.867930994033814,
      "gain_db": 13.401281080245973
    },
    {
      "model": "convunext_20260717_ep100",
      "dataset": "div2k",
      "sigma_255": 200.0,
      "sigma_norm": 0.7843137254901961,
      "n": 100,
      "psnr_mean": 20.018080606460572,
      "psnr_ci_low": 19.598365542597975,
      "psnr_ci_high": 20.43779567032317,
      "psnr_std": 2.1152679920196533,
      "input_psnr_mean": 7.431635332107544,
      "gain_db": 12.586445274353029
    }
  ]
}