{
  "checkpoint": "results/20260720_convunext_denoiser_hfb3/final_model.keras",
  "provenance": "Generated directly via train.bfunet.eval_psnr_vs_noise against results/20260720_convunext_denoiser_hfb3/final_model.keras (checkpoint_comparison migration), div2k validation set, seed 42, num_samples 100, patch_size 256, clip_noise=true, size_multiple 16.",
  "protocol": {
    "models": {
      "convunext_hfb3_ep100": "/media/arxwn/data_fast/repositories/dl_techniques/results/20260720_convunext_denoiser_hfb3/final_model.keras"
    },
    "datasets": {
      "div2k": [
        "/media/arxwn/data0_4tb/datasets/div2k/validation"
      ]
    },
    "sigmas_255": [
      5.0,
      10.0,
      15.0,
      25.0,
      35.0,
      50.0,
      65.0,
      80.0,
      100.0,
      127.0,
      150.0,
      175.0,
      200.0
    ],
    "num_samples": 100,
    "patch_size": 256,
    "channels": 3,
    "full_image": false,
    "size_multiple": 16,
    "clip_noise": true,
    "confidence": 0.95,
    "seed": 42
  },
  "results": [
    {
      "model": "convunext_hfb3_ep100",
      "dataset": "div2k",
      "sigma_255": 5.0,
      "sigma_norm": 0.0196078431372549,
      "n": 100,
      "psnr_mean": 40.93432151794433,
      "psnr_ci_low": 40.41240327207629,
      "psnr_ci_high": 41.45623976381238,
      "psnr_std": 2.6303486824035645,
      "input_psnr_mean": 34.27667446136475,
      "gain_db": 6.657647056579584
    },
    {
      "model": "convunext_hfb3_ep100",
      "dataset": "div2k",
      "sigma_255": 10.0,
      "sigma_norm": 0.0392156862745098,
      "n": 100,
      "psnr_mean": 37.4898222732544,
      "psnr_ci_low": 36.85482935066886,
      "psnr_ci_high": 38.124815195839936,
      "psnr_std": 3.2002193927764893,
      "input_psnr_mean": 28.356567287445067,
      "gain_db": 9.13325498580933
    },
    {
      "model": "convunext_hfb3_ep100",
      "dataset": "div2k",
      "sigma_255": 15.0,
      "sigma_norm": 0.058823529411764705,
      "n": 100,
      "psnr_mean": 35.573704357147214,
      "psnr_ci_low": 34.881067847678395,
      "psnr_ci_high": 36.266340866616034,
      "psnr_std": 3.490729570388794,
      "input_psnr_mean": 24.94070831298828,
      "gain_db": 10.632996044158933
    },
    {
      "model": "convunext_hfb3_ep100",
      "dataset": "div2k",
      "sigma_255": 25.0,
      "sigma_norm": 0.09803921568627451,
      "n": 100,
      "psnr_mean": 33.264611873626706,
      "psnr_ci_low": 32.49118896107961,
      "psnr_ci_high": 34.0380347861738,
      "psnr_std": 3.8978750705718994,
      "input_psnr_mean": 20.720288944244384,
      "gain_db": 12.544322929382322
    },
    {
      "model": "convunext_hfb3_ep100",
      "dataset": "div2k",
      "sigma_255": 35.0,
      "sigma_norm": 0.13725490196078433,
      "n": 100,
      "psnr_mean": 31.753836250305177,
      "psnr_ci_low": 30.941556774369694,
      "psnr_ci_high": 32.56611572624066,
      "psnr_std": 4.093702793121338,
      "input_psnr_mean": 18.0250541305542,
      "gain_db": 13.728782119750978
    },
    {
      "model": "convunext_hfb3_ep100",
      "dataset": "div2k",
      "sigma_255": 50.0,
      "sigma_norm": 0.19607843137254902,
      "n": 100,
      "psnr_mean": 30.17690544128418,
      "psnr_ci_low": 29.332564656743102,
      "psnr_ci_high": 31.02124622582526,
      "psnr_std": 4.255284786224365,
      "input_psnr_mean": 15.264447021484376,
      "gain_db": 14.912458419799805
    },
    {
      "model": "convunext_hfb3_ep100",
      "dataset": "div2k",
      "sigma_255": 65.0,
      "sigma_norm": 0.2549019607843137,
      "n": 100,
      "psnr_mean": 28.92257085800171,
      "psnr_ci_low": 28.09653498859153,
      "psnr_ci_high": 29.74860672741189,
      "psnr_std": 4.163032054901123,
      "input_psnr_mean": 13.331914329528809,
      "gain_db": 15.5906565284729
    },
    {
      "model": "convunext_hfb3_ep100",
      "dataset": "div2k",
      "sigma_255": 80.0,
      "sigma_norm": 0.3137254901960784,
      "n": 100,
      "psnr_mean": 27.834331893920897,
      "psnr_ci_low": 27.046504097898435,
      "psnr_ci_high": 28.62215968994336,
      "psnr_std": 3.9704720973968506,
      "input_psnr_mean": 11.899165019989013,
      "gain_db": 15.935166873931884
    },
    {
      "model": "convunext_hfb3_ep100",
      "dataset": "div2k",
      "sigma_255": 100.0,
      "sigma_norm": 0.39215686274509803,
      "n": 100,
      "psnr_mean": 26.367713737487794,
      "psnr_ci_low": 25.664813440748777,
      "psnr_ci_high": 27.07061403422681,
      "psnr_std": 3.54245662689209,
      "input_psnr_mean": 10.49717692375183,
      "gain_db": 15.870536813735963
    },
    {
      "model": "convunext_hfb3_ep100",
      "dataset": "div2k",
      "sigma_255": 127.0,
      "sigma_norm": 0.4980392156862745,
      "n": 100,
      "psnr_mean": 24.346057872772217,
      "psnr_ci_low": 23.76169767397237,
      "psnr_ci_high": 24.930418071572063,
      "psnr_std": 2.9450418949127197,
      "input_psnr_mean": 9.211995010375977,
      "gain_db": 15.13406286239624
    },
    {
      "model": "convunext_hfb3_ep100",
      "dataset": "div2k",
      "sigma_255": 150.0,
      "sigma_norm": 0.5882352941176471,
      "n": 100,
      "psnr_mean": 22.770335006713868,
      "psnr_ci_low": 22.260545569209235,
      "psnr_ci_high": 23.2801244442185,
      "psnr_std": 2.5692222118377686,
      "input_psnr_mean": 8.461643619537353,
      "gain_db": 14.308691387176514
    },
    {
      "model": "convunext_hfb3_ep100",
      "dataset": "div2k",
      "sigma_255": 175.0,
      "sigma_norm": 0.6862745098039216,
      "n": 100,
      "psnr_mean": 21.249064502716063,
      "psnr_ci_low": 20.79766680392042,
      "psnr_ci_high": 21.700462201511705,
      "psnr_std": 2.2749412059783936,
      "input_psnr_mean": 7.867930994033814,
      "gain_db": 13.38113350868225
    },
    {
      "model": "convunext_hfb3_ep100",
      "dataset": "div2k",
      "sigma_255": 200.0,
      "sigma_norm": 0.7843137254901961,
      "n": 100,
      "psnr_mean": 20.047036952972412,
      "psnr_ci_low": 19.611870204137837,
      "psnr_ci_high": 20.482203701806988,
      "psnr_std": 2.193140983581543,
      "input_psnr_mean": 7.431635332107544,
      "gain_db": 12.61540162086487
    }
  ]
}
